{
  "version": 2,
  "builds": [
    {
      "src": "*.html",
      "use": "@vercel/static"
    }
  ],
  "routes": [
    {
      "src": "/",
      "dest": "/index.html"
    },
    {
      "src": "/loja",
      "dest": "/loja.html"
    },
    {
      "src": "/sobre",
      "dest": "/sobre.html"
    },
    {
      "src": "/portfolio",
      "dest": "/portfolio.html"
    },
    {
      "src": "/contato",
      "dest": "/contato.html"
    }
  ],
  "headers": [
    {
      "source": "/(.*)",
      "headers": [
        {
          "key": "X-Content-Type-Options",
          "value": "nosniff"
        },
        {
          "key": "X-Frame-Options",
          "value": "DENY"
        },
        {
          "key": "X-XSS-Protection",
          "value": "1; mode=block"
        }
      ]
    }
  ]
} 